Device,iPhone,model,iPhone,version,10.2.1,AppVersion,2.7.2
Year,2017,Month,3,Day,31,Hour,0,Minute,0,Second,0,BatteryUsage, n/a
comments
File created by Mio Go v2.7.2 iPhone App.
sensor,present,smrec,zeroavg,model
pwr,no,no,no,n/a
spd,no,no,no,n/a
cad,no,no,no,n/a
hr,yes,no,no,n/a
footpod,no,no,no,n/a
gps,no,no,no,n/a
workout,starttime,runningtime,spdavg,hravg,manualdist
Y,2017-03-31 16:42:26 +0000,2428,4.553539,102,2913
interval,starttime,runningtime,spdavg,hravg,manualdist
1,2017-03-31 16:42:26 +0000,2428,4.553539,102,2913
time(seconds),hr_heartrate(1s),calories(12s),step_data(60s),manual_dist(12s),interval,pace_data(12s),speed_data(12s)
1,88,0,0,0,1,0,0
2,88,0,0,0,1,0,0
3,88,0,0,0,1,0,0
4,89,0,0,0,1,0,0
5,89,0,0,0,1,0,0
6,89,0,0,0,1,0,0
7,88,0,0,0,1,0,0
8,87,0,0,0,1,0,0
9,87,0,0,0,1,0,0
10,87,0,0,0,1,0,0
11,88,0,0,0,1,0,0
12,88,0,0,(null),1,0,0
13,88,0,0,0,1,0,0
14,88,0,0,0,1,0,0
15,88,0,0,0,1,0,0
16,88,0,0,0,1,0,0
17,87,0,0,0,1,0,0
18,87,0,0,0,1,0,0
19,87,0,0,0,1,0,0
20,87,0,0,0,1,0,0
21,91,0,0,0,1,0,0
22,92,0,0,0,1,0,0
23,92,0,0,0,1,0,0
24,92,0,0,(null),1,0,0
25,92,0,0,0,1,0,0
26,92,0,0,0,1,0,0
27,92,0,0,0,1,0,0
28,92,0,0,0,1,0,0
29,92,0,0,0,1,0,0
30,92,0,0,0,1,0,0
31,92,0,0,0,1,0,0
32,92,0,0,0,1,0,0
33,92,0,0,0,1,0,0
34,92,0,0,0,1,0,0
35,92,0,0,0,1,0,0
36,92,0,0,(null),1,0,0
37,92,0,0,0,1,0,0
38,94,0,0,0,1,0,0
39,95,0,0,0,1,0,0
40,95,0,0,0,1,0,0
41,95,0,0,0,1,0,0
42,94,0,0,0,1,0,0
43,94,0,0,0,1,0,0
44,94,0,0,0,1,0,0
45,94,0,0,0,1,0,0
46,94,0,0,0,1,0,0
47,94,0,0,0,1,0,0
48,94,0,0,(null),1,0,0
49,94,0,0,0,1,0,0
50,93,0,0,0,1,0,0
51,93,0,0,0,1,0,0
52,93,0,0,0,1,0,0
53,93,0,0,0,1,0,0
54,93,0,0,0,1,0,0
55,94,0,0,0,1,0,0
56,94,0,0,0,1,0,0
57,94,0,0,0,1,0,0
58,94,0,0,0,1,0,0
59,94,0,0,0,1,0,0
60,94,0,0,(null),1,0,0
61,95,0,0,0,1,0,0
62,96,0,0,0,1,0,0
63,98,0,0,0,1,0,0
64,98,0,0,0,1,0,0
65,100,0,0,0,1,0,0
66,101,0,0,0,1,0,0
67,101,0,0,0,1,0,0
68,101,0,0,0,1,0,0
69,101,0,0,0,1,0,0
70,101,0,0,0,1,0,0
71,102,0,0,0,1,0,0
72,102,0,0,(null),1,0,0
73,102,0,0,0,1,0,0
74,102,0,0,0,1,0,0
75,102,0,0,0,1,0,0
76,102,0,0,0,1,0,0
77,101,0,0,0,1,0,0
78,100,0,0,0,1,0,0
79,100,0,0,0,1,0,0
80,100,0,0,0,1,0,0
81,99,0,0,0,1,0,0
82,99,0,0,0,1,0,0
83,98,0,0,0,1,0,0
84,98,0,0,(null),1,0,0
85,97,0,0,0,1,0,0
86,97,0,0,0,1,0,0
87,98,0,0,0,1,0,0
88,98,0,0,0,1,0,0
89,97,0,0,0,1,0,0
90,97,0,0,0,1,0,0
91,97,0,0,0,1,0,0
92,97,0,0,0,1,0,0
93,98,0,0,0,1,0,0
94,98,0,0,0,1,0,0
95,99,0,0,0,1,0,0
96,99,0,0,(null),1,0,0
97,100,0,0,0,1,0,0
98,100,0,0,0,1,0,0
99,100,0,0,0,1,0,0
100,100,0,0,0,1,0,0
101,104,0,0,0,1,0,0
102,104,0,0,0,1,0,0
103,104,0,0,0,1,0,0
104,104,0,0,0,1,0,0
105,102,0,0,0,1,0,0
106,100,0,0,0,1,0,0
107,99,0,0,0,1,0,0
108,99,0,0,(null),1,0,0
109,98,0,0,0,1,0,0
110,98,0,0,0,1,0,0
111,97,0,0,0,1,0,0
112,97,0,0,0,1,0,0
113,97,0,0,0,1,0,0
114,97,0,0,0,1,0,0
115,97,0,0,0,1,0,0
116,97,0,0,0,1,0,0
117,97,0,0,0,1,0,0
118,97,0,0,0,1,0,0
119,97,0,0,0,1,0,0
120,97,0,0,(null),1,0,0
121,97,0,0,0,1,0,0
122,99,0,0,0,1,0,0
123,99,0,0,0,1,0,0
124,99,0,0,0,1,0,0
125,101,0,0,0,1,0,0
126,102,0,0,0,1,0,0
127,101,0,0,0,1,0,0
128,101,0,0,0,1,0,0
129,100,0,0,0,1,0,0
130,100,0,0,0,1,0,0
131,100,0,0,0,1,0,0
132,100,0,0,(null),1,0,0
133,101,0,0,0,1,0,0
134,101,0,0,0,1,0,0
135,99,0,0,0,1,0,0
136,99,0,0,0,1,0,0
137,96,0,0,0,1,0,0
138,96,0,0,0,1,0,0
139,96,0,0,0,1,0,0
140,96,0,0,0,1,0,0
141,97,0,0,0,1,0,0
142,97,0,0,0,1,0,0
143,98,0,0,0,1,0,0
144,98,0,0,(null),1,0,0
145,97,0,0,0,1,0,0
146,96,0,0,0,1,0,0
147,95,0,0,0,1,0,0
148,95,0,0,0,1,0,0
149,95,0,0,0,1,0,0
150,94,0,0,0,1,0,0
151,95,0,0,0,1,0,0
152,95,0,0,0,1,0,0
153,97,0,0,0,1,0,0
154,98,0,0,0,1,0,0
155,97,0,0,0,1,0,0
156,97,0,0,(null),1,0,0
157,99,0,0,0,1,0,0
158,99,0,0,0,1,0,0
159,99,0,0,0,1,0,0
160,99,0,0,0,1,0,0
161,99,0,0,0,1,0,0
162,99,0,0,0,1,0,0
163,99,0,0,0,1,0,0
164,99,0,0,0,1,0,0
165,100,0,0,0,1,0,0
166,100,0,0,0,1,0,0
167,101,0,0,0,1,0,0
168,101,0,0,(null),1,0,0
169,101,0,0,0,1,0,0
170,101,0,0,0,1,0,0
171,101,0,0,0,1,0,0
172,101,0,0,0,1,0,0
173,101,0,0,0,1,0,0
174,100,0,0,0,1,0,0
175,100,0,0,0,1,0,0
176,100,0,0,0,1,0,0
177,100,0,0,0,1,0,0
178,103,0,0,0,1,0,0
179,103,0,0,0,1,0,0
180,103,0,0,(null),1,0,0
181,104,0,0,0,1,0,0
182,104,0,0,0,1,0,0
183,104,0,0,0,1,0,0
184,105,0,0,0,1,0,0
185,106,0,0,0,1,0,0
186,107,0,0,0,1,0,0
187,107,0,0,0,1,0,0
188,107,0,0,0,1,0,0
189,108,0,0,0,1,0,0
190,108,0,0,0,1,0,0
191,107,0,0,0,1,0,0
192,107,0,0,(null),1,0,0
193,106,0,0,0,1,0,0
194,106,0,0,0,1,0,0
195,106,0,0,0,1,0,0
196,106,0,0,0,1,0,0
197,108,0,0,0,1,0,0
198,109,0,0,0,1,0,0
199,110,0,0,0,1,0,0
200,110,0,0,0,1,0,0
201,111,0,0,0,1,0,0
202,112,0,0,0,1,0,0
203,112,0,0,0,1,0,0
204,112,0,0,(null),1,0,0
205,112,0,0,0,1,0,0
206,111,0,0,0,1,0,0
207,112,0,0,0,1,0,0
208,112,0,0,0,1,0,0
209,112,0,0,0,1,0,0
210,112,0,0,0,1,0,0
211,114,0,0,0,1,0,0
212,114,0,0,0,1,0,0
213,116,0,0,0,1,0,0
214,118,0,0,0,1,0,0
215,118,0,0,0,1,0,0
216,118,0,0,(null),1,0,0
217,116,0,0,0,1,0,0
218,116,0,0,0,1,0,0
219,116,0,0,0,1,0,0
220,116,0,0,0,1,0,0
221,112,0,0,0,1,0,0
222,111,0,0,0,1,0,0
223,109,0,0,0,1,0,0
224,109,0,0,0,1,0,0
225,104,0,0,0,1,0,0
226,103,0,0,0,1,0,0
227,102,0,0,0,1,0,0
228,102,0,0,(null),1,0,0
229,100,0,0,0,1,0,0
230,99,0,0,0,1,0,0
231,98,0,0,0,1,0,0
232,98,0,0,0,1,0,0
233,99,0,0,0,1,0,0
234,100,0,0,0,1,0,0
235,100,0,0,0,1,0,0
236,100,0,0,0,1,0,0
237,102,0,0,0,1,0,0
238,102,0,0,0,1,0,0
239,102,0,0,0,1,0,0
240,102,0,0,(null),1,0,0
241,100,0,0,0,1,0,0
242,100,0,0,0,1,0,0
243,100,0,0,0,1,0,0
244,100,0,0,0,1,0,0
245,101,0,0,0,1,0,0
246,101,0,0,0,1,0,0
247,101,0,0,0,1,0,0
248,101,0,0,0,1,0,0
249,100,0,0,0,1,0,0
250,99,0,0,0,1,0,0
251,99,0,0,0,1,0,0
252,99,0,0,(null),1,0,0
253,99,0,0,0,1,0,0
254,99,0,0,0,1,0,0
255,99,0,0,0,1,0,0
256,99,0,0,0,1,0,0
257,99,0,0,0,1,0,0
258,100,0,0,0,1,0,0
259,99,0,0,0,1,0,0
260,99,0,0,0,1,0,0
261,99,0,0,0,1,0,0
262,99,0,0,0,1,0,0
263,100,0,0,0,1,0,0
264,100,0,0,(null),1,0,0
265,103,0,0,0,1,0,0
266,104,0,0,0,1,0,0
267,104,0,0,0,1,0,0
268,104,0,0,0,1,0,0
269,104,0,0,0,1,0,0
270,105,0,0,0,1,0,0
271,104,0,0,0,1,0,0
272,104,0,0,0,1,0,0
273,104,0,0,0,1,0,0
274,104,0,0,0,1,0,0
275,104,0,0,0,1,0,0
276,104,0,0,(null),1,0,0
277,105,0,0,0,1,0,0
278,105,0,0,0,1,0,0
279,105,0,0,0,1,0,0
280,105,0,0,0,1,0,0
281,105,0,0,0,1,0,0
282,105,0,0,0,1,0,0
283,104,0,0,0,1,0,0
284,104,0,0,0,1,0,0
285,103,0,0,0,1,0,0
286,104,0,0,0,1,0,0
287,105,0,0,0,1,0,0
288,105,0,0,(null),1,0,0
289,105,0,0,0,1,0,0
290,105,0,0,0,1,0,0
291,106,0,0,0,1,0,0
292,106,0,0,0,1,0,0
293,106,0,0,0,1,0,0
294,106,0,0,0,1,0,0
295,106,0,0,0,1,0,0
296,106,0,0,0,1,0,0
297,106,0,0,0,1,0,0
298,106,0,0,0,1,0,0
299,107,0,0,0,1,0,0
300,107,0,0,(null),1,0,0
301,106,0,0,0,1,0,0
302,106,0,0,0,1,0,0
303,107,0,0,0,1,0,0
304,107,0,0,0,1,0,0
305,107,0,0,0,1,0,0
306,107,0,0,0,1,0,0
307,107,0,0,0,1,0,0
308,107,0,0,0,1,0,0
309,106,0,0,0,1,0,0
310,106,0,0,0,1,0,0
311,109,0,0,0,1,0,0
312,109,0,0,(null),1,0,0
313,109,0,0,0,1,0,0
314,108,0,0,0,1,0,0
315,108,0,0,0,1,0,0
316,107,0,0,0,1,0,0
317,106,0,0,0,1,0,0
318,106,0,0,0,1,0,0
319,106,0,0,0,1,0,0
320,106,0,0,0,1,0,0
321,108,0,0,0,1,0,0
322,108,0,0,0,1,0,0
323,108,0,0,0,1,0,0
324,108,0,0,(null),1,0,0
325,107,0,0,0,1,0,0
326,106,0,0,0,1,0,0
327,106,0,0,0,1,0,0
328,106,0,0,0,1,0,0
329,106,0,0,0,1,0,0
330,106,0,0,0,1,0,0
331,106,0,0,0,1,0,0
332,106,0,0,0,1,0,0
333,106,0,0,0,1,0,0
334,105,0,0,0,1,0,0
335,105,0,0,0,1,0,0
336,104,0,0,(null),1,0,0
337,105,0,0,0,1,0,0
338,106,0,0,0,1,0,0
339,107,0,0,0,1,0,0
340,107,0,0,0,1,0,0
341,106,0,0,0,1,0,0
342,107,0,0,0,1,0,0
343,108,0,0,0,1,0,0
344,108,0,0,0,1,0,0
345,108,0,0,0,1,0,0
346,108,0,0,0,1,0,0
347,107,0,0,0,1,0,0
348,107,0,0,(null),1,0,0
349,106,0,0,0,1,0,0
350,105,0,0,0,1,0,0
351,105,0,0,0,1,0,0
352,105,0,0,0,1,0,0
353,105,0,0,0,1,0,0
354,105,0,0,0,1,0,0
355,105,0,0,0,1,0,0
356,105,0,0,0,1,0,0
357,106,0,0,0,1,0,0
358,106,0,0,0,1,0,0
359,106,0,0,0,1,0,0
360,106,0,0,(null),1,0,0
361,105,0,0,0,1,0,0
362,104,0,0,0,1,0,0
363,103,0,0,0,1,0,0
364,103,0,0,0,1,0,0
365,103,0,0,0,1,0,0
366,103,0,0,0,1,0,0
367,103,0,0,0,1,0,0
368,103,0,0,0,1,0,0
369,103,0,0,0,1,0,0
370,102,0,0,0,1,0,0
371,102,0,0,0,1,0,0
372,102,0,0,(null),1,0,0
373,99,0,0,0,1,0,0
374,99,0,0,0,1,0,0
375,99,0,0,0,1,0,0
376,99,0,0,0,1,0,0
377,99,0,0,0,1,0,0
378,100,0,0,0,1,0,0
379,100,0,0,0,1,0,0
380,100,0,0,0,1,0,0
381,99,0,0,0,1,0,0
382,99,0,0,0,1,0,0
383,99,0,0,0,1,0,0
384,99,0,0,(null),1,0,0
385,99,0,0,0,1,0,0
386,99,0,0,0,1,0,0
387,101,0,0,0,1,0,0
388,101,0,0,0,1,0,0
389,103,0,0,0,1,0,0
390,103,0,0,0,1,0,0
391,103,0,0,0,1,0,0
392,103,0,0,0,1,0,0
393,103,0,0,0,1,0,0
394,103,0,0,0,1,0,0
395,103,0,0,0,1,0,0
396,103,0,0,(null),1,0,0
397,102,0,0,0,1,0,0
398,102,0,0,0,1,0,0
399,102,0,0,0,1,0,0
400,101,0,0,0,1,0,0
401,100,0,0,0,1,0,0
402,100,0,0,0,1,0,0
403,99,0,0,0,1,0,0
404,99,0,0,0,1,0,0
405,100,0,0,0,1,0,0
406,100,0,0,0,1,0,0
407,102,0,0,0,1,0,0
408,102,0,0,(null),1,0,0
409,103,0,0,0,1,0,0
410,103,0,0,0,1,0,0
411,104,0,0,0,1,0,0
412,104,0,0,0,1,0,0
413,104,0,0,0,1,0,0
414,104,0,0,0,1,0,0
415,107,0,0,0,1,0,0
416,107,0,0,0,1,0,0
417,110,0,0,0,1,0,0
418,111,0,0,0,1,0,0
419,111,0,0,0,1,0,0
420,111,0,0,(null),1,0,0
421,111,0,0,0,1,0,0
422,113,0,0,0,1,0,0
423,113,0,0,0,1,0,0
424,113,0,0,0,1,0,0
425,113,0,0,0,1,0,0
426,111,0,0,0,1,0,0
427,111,0,0,0,1,0,0
428,111,0,0,0,1,0,0
429,110,0,0,0,1,0,0
430,108,0,0,0,1,0,0
431,105,0,0,0,1,0,0
432,105,0,0,(null),1,0,0
433,101,0,0,0,1,0,0
434,101,0,0,0,1,0,0
435,100,0,0,0,1,0,0
436,100,0,0,0,1,0,0
437,101,0,0,0,1,0,0
438,101,0,0,0,1,0,0
439,102,0,0,0,1,0,0
440,102,0,0,0,1,0,0
441,102,0,0,0,1,0,0
442,102,0,0,0,1,0,0
443,102,0,0,0,1,0,0
444,102,0,0,(null),1,0,0
445,102,0,0,0,1,0,0
446,102,0,0,0,1,0,0
447,103,0,0,0,1,0,0
448,103,0,0,0,1,0,0
449,105,0,0,0,1,0,0
450,105,0,0,0,1,0,0
451,105,0,0,0,1,0,0
452,105,0,0,0,1,0,0
453,106,0,0,0,1,0,0
454,105,0,0,0,1,0,0
455,105,0,0,0,1,0,0
456,105,0,0,(null),1,0,0
457,105,0,0,0,1,0,0
458,105,0,0,0,1,0,0
459,105,0,0,0,1,0,0
460,105,0,0,0,1,0,0
461,107,0,0,0,1,0,0
462,107,0,0,0,1,0,0
463,106,0,0,0,1,0,0
464,106,0,0,0,1,0,0
465,106,0,0,0,1,0,0
466,104,0,0,0,1,0,0
467,103,0,0,0,1,0,0
468,103,0,0,(null),1,0,0
469,101,0,0,0,1,0,0
470,101,0,0,0,1,0,0
471,102,0,0,0,1,0,0
472,102,0,0,0,1,0,0
473,105,0,0,0,1,0,0
474,105,0,0,0,1,0,0
475,104,0,0,0,1,0,0
476,104,0,0,0,1,0,0
477,103,0,0,0,1,0,0
478,103,0,0,0,1,0,0
479,103,0,0,0,1,0,0
480,103,0,0,(null),1,0,0
481,104,0,0,0,1,0,0
482,105,0,0,0,1,0,0
483,105,0,0,0,1,0,0
484,105,0,0,0,1,0,0
485,106,0,0,0,1,0,0
486,106,0,0,0,1,0,0
487,107,0,0,0,1,0,0
488,107,0,0,0,1,0,0
489,109,0,0,0,1,0,0
490,110,0,0,0,1,0,0
491,111,0,0,0,1,0,0
492,111,0,0,(null),1,0,0
493,112,0,0,0,1,0,0
494,112,0,0,0,1,0,0
495,112,0,0,0,1,0,0
496,112,0,0,0,1,0,0
497,108,0,0,0,1,0,0
498,104,0,0,0,1,0,0
499,101,0,0,0,1,0,0
500,101,0,0,0,1,0,0
501,101,0,0,0,1,0,0
502,101,0,0,0,1,0,0
503,102,0,0,0,1,0,0
504,102,0,0,(null),1,0,0
505,103,0,0,0,1,0,0
506,104,0,0,0,1,0,0
507,104,0,0,0,1,0,0
508,104,0,0,0,1,0,0
509,104,0,0,0,1,0,0
510,104,0,0,0,1,0,0
511,104,0,0,0,1,0,0
512,104,0,0,0,1,0,0
513,104,0,0,0,1,0,0
514,104,0,0,0,1,0,0
515,104,0,0,0,1,0,0
516,104,0,0,(null),1,0,0
517,103,0,0,0,1,0,0
518,103,0,0,0,1,0,0
519,101,0,0,0,1,0,0
520,101,0,0,0,1,0,0
521,100,0,0,0,1,0,0
522,102,0,0,0,1,0,0
523,104,0,0,0,1,0,0
524,104,0,0,0,1,0,0
525,103,0,0,0,1,0,0
526,101,0,0,0,1,0,0
527,100,0,0,0,1,0,0
528,100,0,0,(null),1,0,0
529,100,0,0,0,1,0,0
530,99,0,0,0,1,0,0
531,99,0,0,0,1,0,0
532,99,0,0,0,1,0,0
533,98,0,0,0,1,0,0
534,98,0,0,0,1,0,0
535,98,0,0,0,1,0,0
536,98,0,0,0,1,0,0
537,96,0,0,0,1,0,0
538,96,0,0,0,1,0,0
539,96,0,0,0,1,0,0
540,96,0,0,(null),1,0,0
541,100,0,0,0,1,0,0
542,100,0,0,0,1,0,0
543,102,0,0,0,1,0,0
544,102,0,0,0,1,0,0
545,104,0,0,0,1,0,0
546,104,0,0,0,1,0,0
547,103,0,0,0,1,0,0
548,103,0,0,0,1,0,0
549,104,0,0,0,1,0,0
550,105,0,0,0,1,0,0
551,105,0,0,0,1,0,0
552,107,0,0,(null),1,0,0
553,107,0,0,0,1,0,0
554,107,0,0,0,1,0,0
555,107,0,0,0,1,0,0
556,107,0,0,0,1,0,0
557,106,0,0,0,1,0,0
558,106,0,0,0,1,0,0
559,106,0,0,0,1,0,0
560,106,0,0,0,1,0,0
561,105,0,0,0,1,0,0
562,105,0,0,0,1,0,0
563,105,0,0,0,1,0,0
564,105,0,0,(null),1,0,0
565,103,0,0,0,1,0,0
566,102,0,0,0,1,0,0
567,102,0,0,0,1,0,0
568,102,0,0,0,1,0,0
569,101,0,0,0,1,0,0
570,101,0,0,0,1,0,0
571,101,0,0,0,1,0,0
572,101,0,0,0,1,0,0
573,101,0,0,0,1,0,0
574,103,0,0,0,1,0,0
575,103,0,0,0,1,0,0
576,103,0,0,(null),1,0,0
577,102,0,0,0,1,0,0
578,102,0,0,0,1,0,0
579,102,0,0,0,1,0,0
580,102,0,0,0,1,0,0
581,103,0,0,0,1,0,0
582,103,0,0,0,1,0,0
583,102,0,0,0,1,0,0
584,102,0,0,0,1,0,0
585,101,0,0,0,1,0,0
586,102,0,0,0,1,0,0
587,102,0,0,0,1,0,0
588,102,0,0,(null),1,0,0
589,103,0,0,0,1,0,0
590,103,0,0,0,1,0,0
591,102,0,0,0,1,0,0
592,102,0,0,0,1,0,0
593,102,0,0,0,1,0,0
594,102,0,0,0,1,0,0
595,103,0,0,0,1,0,0
596,103,0,0,0,1,0,0
597,104,0,0,0,1,0,0
598,105,0,0,0,1,0,0
599,105,0,0,0,1,0,0
600,105,0,0,(null),1,0,0
601,103,0,0,0,1,0,0
602,103,0,0,0,1,0,0
603,104,0,0,0,1,0,0
604,104,0,0,0,1,0,0
605,105,0,0,0,1,0,0
606,105,0,0,0,1,0,0
607,105,0,0,0,1,0,0
608,105,0,0,0,1,0,0
609,104,0,0,0,1,0,0
610,103,0,0,0,1,0,0
611,103,0,0,0,1,0,0
612,103,0,0,(null),1,0,0
613,102,0,0,0,1,0,0
614,101,0,0,0,1,0,0
615,101,0,0,0,1,0,0
616,100,0,0,0,1,0,0
617,99,0,0,0,1,0,0
618,99,0,0,0,1,0,0
619,98,0,0,0,1,0,0
620,98,0,0,0,1,0,0
621,98,0,0,0,1,0,0
622,101,0,0,0,1,0,0
623,102,0,0,0,1,0,0
624,102,0,0,(null),1,0,0
625,104,0,0,0,1,0,0
626,103,0,0,0,1,0,0
627,104,0,0,0,1,0,0
628,104,0,0,0,1,0,0
629,104,0,0,0,1,0,0
630,105,0,0,0,1,0,0
631,104,0,0,0,1,0,0
632,104,0,0,0,1,0,0
633,104,0,0,0,1,0,0
634,104,0,0,0,1,0,0
635,104,0,0,0,1,0,0
636,104,0,0,(null),1,0,0
637,105,0,0,0,1,0,0
638,106,0,0,0,1,0,0
639,106,0,0,0,1,0,0
640,105,0,0,0,1,0,0
641,105,0,0,0,1,0,0
642,105,0,0,0,1,0,0
643,105,0,0,0,1,0,0
644,105,0,0,0,1,0,0
645,104,0,0,0,1,0,0
646,104,0,0,0,1,0,0
647,104,0,0,0,1,0,0
648,104,0,0,(null),1,0,0
649,106,0,0,0,1,0,0
650,106,0,0,0,1,0,0
651,106,0,0,0,1,0,0
652,106,0,0,0,1,0,0
653,106,0,0,0,1,0,0
654,106,0,0,0,1,0,0
655,105,0,0,0,1,0,0
656,105,0,0,0,1,0,0
657,105,0,0,0,1,0,0
658,105,0,0,0,1,0,0
659,105,0,0,0,1,0,0
660,105,0,0,(null),1,0,0
661,105,0,0,0,1,0,0
662,104,0,0,0,1,0,0
663,104,0,0,0,1,0,0
664,104,0,0,0,1,0,0
665,103,0,0,0,1,0,0
666,103,0,0,0,1,0,0
667,103,0,0,0,1,0,0
668,103,0,0,0,1,0,0
669,103,0,0,0,1,0,0
670,103,0,0,0,1,0,0
671,103,0,0,0,1,0,0
672,103,0,0,(null),1,0,0
673,104,0,0,0,1,0,0
674,103,0,0,0,1,0,0
675,103,0,0,0,1,0,0
676,103,0,0,0,1,0,0
677,103,0,0,0,1,0,0
678,103,0,0,0,1,0,0
679,103,0,0,0,1,0,0
680,103,0,0,0,1,0,0
681,102,0,0,0,1,0,0
682,102,0,0,0,1,0,0
683,101,0,0,0,1,0,0
684,101,0,0,(null),1,0,0
685,101,0,0,0,1,0,0
686,100,0,0,0,1,0,0
687,98,0,0,0,1,0,0
688,98,0,0,0,1,0,0
689,97,0,0,0,1,0,0
690,97,0,0,0,1,0,0
691,94,0,0,0,1,0,0
692,94,0,0,0,1,0,0
693,94,0,0,0,1,0,0
694,95,0,0,0,1,0,0
695,98,0,0,0,1,0,0
696,98,0,0,(null),1,0,0
697,102,0,0,0,1,0,0
698,102,0,0,0,1,0,0
699,103,0,0,0,1,0,0
700,103,0,0,0,1,0,0
701,103,0,0,0,1,0,0
702,103,0,0,0,1,0,0
703,103,0,0,0,1,0,0
704,103,0,0,0,1,0,0
705,103,0,0,0,1,0,0
706,103,0,0,0,1,0,0
707,103,0,0,0,1,0,0
708,103,0,0,(null),1,0,0
709,103,0,0,0,1,0,0
710,102,0,0,0,1,0,0
711,102,0,0,0,1,0,0
712,102,0,0,0,1,0,0
713,101,0,0,0,1,0,0
714,101,0,0,0,1,0,0
715,101,0,0,0,1,0,0
716,101,0,0,0,1,0,0
717,102,0,0,0,1,0,0
718,102,0,0,0,1,0,0
719,102,0,0,0,1,0,0
720,102,0,0,(null),1,0,0
721,102,0,0,0,1,0,0
722,102,0,0,0,1,0,0
723,101,0,0,0,1,0,0
724,101,0,0,0,1,0,0
725,101,0,0,0,1,0,0
726,100,0,0,0,1,0,0
727,101,0,0,0,1,0,0
728,101,0,0,0,1,0,0
729,100,0,0,0,1,0,0
730,100,0,0,0,1,0,0
731,100,0,0,0,1,0,0
732,100,0,0,(null),1,0,0
733,100,0,0,0,1,0,0
734,101,0,0,0,1,0,0
735,102,0,0,0,1,0,0
736,102,0,0,0,1,0,0
737,103,0,0,0,1,0,0
738,102,0,0,0,1,0,0
739,102,0,0,0,1,0,0
740,102,0,0,0,1,0,0
741,101,0,0,0,1,0,0
742,101,0,0,0,1,0,0
743,101,0,0,0,1,0,0
744,101,0,0,(null),1,0,0
745,100,0,0,0,1,0,0
746,100,0,0,0,1,0,0
747,101,0,0,0,1,0,0
748,101,0,0,0,1,0,0
749,100,0,0,0,1,0,0
750,100,0,0,0,1,0,0
751,100,0,0,0,1,0,0
752,100,0,0,0,1,0,0
753,100,0,0,0,1,0,0
754,100,0,0,0,1,0,0
755,100,0,0,0,1,0,0
756,100,0,0,(null),1,0,0
757,99,0,0,0,1,0,0
758,99,0,0,0,1,0,0
759,98,0,0,0,1,0,0
760,98,0,0,0,1,0,0
761,98,0,0,0,1,0,0
762,98,0,0,0,1,0,0
763,97,0,0,0,1,0,0
764,97,0,0,0,1,0,0
765,97,0,0,0,1,0,0
766,97,0,0,0,1,0,0
767,97,0,0,0,1,0,0
768,97,0,0,(null),1,0,0
769,101,0,0,0,1,0,0
770,104,0,0,0,1,0,0
771,104,0,0,0,1,0,0
772,104,0,0,0,1,0,0
773,104,0,0,0,1,0,0
774,104,0,0,0,1,0,0
775,104,0,0,0,1,0,0
776,104,0,0,0,1,0,0
777,104,0,0,0,1,0,0
778,104,0,0,0,1,0,0
779,105,0,0,0,1,0,0
780,105,0,0,(null),1,0,0
781,105,0,0,0,1,0,0
782,106,0,0,0,1,0,0
783,106,0,0,0,1,0,0
784,106,0,0,0,1,0,0
785,106,0,0,0,1,0,0
786,106,0,0,0,1,0,0
787,106,0,0,0,1,0,0
788,106,0,0,0,1,0,0
789,106,0,0,0,1,0,0
790,106,0,0,0,1,0,0
791,105,0,0,0,1,0,0
792,105,0,0,(null),1,0,0
793,105,0,0,0,1,0,0
794,104,0,0,0,1,0,0
795,103,0,0,0,1,0,0
796,103,0,0,0,1,0,0
797,102,0,0,0,1,0,0
798,101,0,0,0,1,0,0
799,99,0,0,0,1,0,0
800,99,0,0,0,1,0,0
801,95,0,0,0,1,0,0
802,95,0,0,0,1,0,0
803,95,0,0,0,1,0,0
804,95,0,0,(null),1,0,0
805,93,0,0,0,1,0,0
806,93,0,0,0,1,0,0
807,92,0,0,0,1,0,0
808,92,0,0,0,1,0,0
809,91,0,0,0,1,0,0
810,91,0,0,0,1,0,0
811,91,0,0,0,1,0,0
812,91,0,0,0,1,0,0
813,91,0,0,0,1,0,0
814,91,0,0,0,1,0,0
815,91,0,0,0,1,0,0
816,91,0,0,(null),1,0,0
817,94,0,0,0,1,0,0
818,96,0,0,0,1,0,0
819,96,0,0,0,1,0,0
820,96,0,0,0,1,0,0
821,97,0,0,0,1,0,0
822,99,0,0,0,1,0,0
823,99,0,0,0,1,0,0
824,99,0,0,0,1,0,0
825,99,0,0,0,1,0,0
826,100,0,0,0,1,0,0
827,100,0,0,0,1,0,0
828,100,0,0,(null),1,0,0
829,100,0,0,0,1,0,0
830,100,0,0,0,1,0,0
831,100,0,0,0,1,0,0
832,100,0,0,0,1,0,0
833,100,0,0,0,1,0,0
834,108,0,0,0,1,0,0
835,108,0,0,0,1,0,0
836,108,0,0,0,1,0,0
837,108,0,0,0,1,0,0
838,108,0,0,0,1,0,0
839,108,0,0,0,1,0,0
840,108,0,0,(null),1,0,0
841,108,0,0,0,1,0,0
842,105,0,0,0,1,0,0
843,105,0,0,0,1,0,0
844,105,0,0,0,1,0,0
845,104,0,0,0,1,0,0
846,103,0,0,0,1,0,0
847,103,0,0,0,1,0,0
848,103,0,0,0,1,0,0
849,101,0,0,0,1,0,0
850,100,0,0,0,1,0,0
851,100,0,0,0,1,0,0
852,100,0,0,(null),1,0,0
853,99,0,0,0,1,0,0
854,99,0,0,0,1,0,0
855,98,0,0,0,1,0,0
856,98,0,0,0,1,0,0
857,97,0,0,0,1,0,0
858,98,0,0,0,1,0,0
859,98,0,0,0,1,0,0
860,98,0,0,0,1,0,0
861,98,0,0,0,1,0,0
862,98,0,0,0,1,0,0
863,98,0,0,0,1,0,0
864,98,0,0,(null),1,0,0
865,98,0,0,0,1,0,0
866,98,0,0,0,1,0,0
867,98,0,0,0,1,0,0
868,98,0,0,0,1,0,0
869,96,0,0,0,1,0,0
870,95,0,0,0,1,0,0
871,95,0,0,0,1,0,0
872,95,0,0,0,1,0,0
873,94,0,0,0,1,0,0
874,96,0,0,0,1,0,0
875,100,0,0,0,1,0,0
876,100,0,0,(null),1,0,0
877,100,0,0,0,1,0,0
878,100,0,0,0,1,0,0
879,99,0,0,0,1,0,0
880,99,0,0,0,1,0,0
881,99,0,0,0,1,0,0
882,99,0,0,0,1,0,0
883,101,0,0,0,1,0,0
884,101,0,0,0,1,0,0
885,103,0,0,0,1,0,0
886,104,0,0,0,1,0,0
887,105,0,0,0,1,0,0
888,105,0,0,(null),1,0,0
889,105,0,0,0,1,0,0
890,105,0,0,0,1,0,0
891,107,0,0,0,1,0,0
892,107,0,0,0,1,0,0
893,108,0,0,0,1,0,0
894,109,0,0,0,1,0,0
895,109,0,0,0,1,0,0
896,109,0,0,0,1,0,0
897,109,0,0,0,1,0,0
898,109,0,0,0,1,0,0
899,109,0,0,0,1,0,0
900,109,0,0,(null),1,0,0
901,108,0,0,0,1,0,0
902,108,0,0,0,1,0,0
903,108,0,0,0,1,0,0
904,108,0,0,0,1,0,0
905,107,0,0,0,1,0,0
906,107,0,0,0,1,0,0
907,107,0,0,0,1,0,0
908,107,0,0,0,1,0,0
909,107,0,0,0,1,0,0
910,107,0,0,0,1,0,0
911,107,0,0,0,1,0,0
912,107,0,0,(null),1,0,0
913,107,0,0,0,1,0,0
914,105,0,0,0,1,0,0
915,104,0,0,0,1,0,0
916,104,0,0,0,1,0,0
917,104,0,0,0,1,0,0
918,104,0,0,0,1,0,0
919,104,0,0,0,1,0,0
920,104,0,0,0,1,0,0
921,102,0,0,0,1,0,0
922,101,0,0,0,1,0,0
923,101,0,0,0,1,0,0
924,100,0,0,(null),1,0,0
925,101,0,0,0,1,0,0
926,100,0,0,0,1,0,0
927,98,0,0,0,1,0,0
928,98,0,0,0,1,0,0
929,97,0,0,0,1,0,0
930,97,0,0,0,1,0,0
931,97,0,0,0,1,0,0
932,97,0,0,0,1,0,0
933,97,0,0,0,1,0,0
934,97,0,0,0,1,0,0
935,97,0,0,0,1,0,0
936,97,0,0,(null),1,0,0
937,98,0,0,0,1,0,0
938,99,0,0,0,1,0,0
939,100,0,0,0,1,0,0
940,100,0,0,0,1,0,0
941,100,0,0,0,1,0,0
942,103,0,0,0,1,0,0
943,103,0,0,0,1,0,0
944,103,0,0,0,1,0,0
945,103,0,0,0,1,0,0
946,101,0,0,0,1,0,0
947,100,0,0,0,1,0,0
948,100,0,0,(null),1,0,0
949,97,0,0,0,1,0,0
950,96,0,0,0,1,0,0
951,95,0,0,0,1,0,0
952,95,0,0,0,1,0,0
953,96,0,0,0,1,0,0
954,98,0,0,0,1,0,0
955,98,0,0,0,1,0,0
956,98,0,0,0,1,0,0
957,99,0,0,0,1,0,0
958,100,0,0,0,1,0,0
959,101,0,0,0,1,0,0
960,101,0,0,(null),1,0,0
961,102,0,0,0,1,0,0
962,102,0,0,0,1,0,0
963,102,0,0,0,1,0,0
964,101,0,0,0,1,0,0
965,101,0,0,0,1,0,0
966,99,0,0,0,1,0,0
967,100,0,0,0,1,0,0
968,100,0,0,0,1,0,0
969,101,0,0,0,1,0,0
970,101,0,0,0,1,0,0
971,101,0,0,0,1,0,0
972,101,0,0,(null),1,0,0
973,100,0,0,0,1,0,0
974,99,0,0,0,1,0,0
975,100,0,0,0,1,0,0
976,100,0,0,0,1,0,0
977,100,0,0,0,1,0,0
978,100,0,0,0,1,0,0
979,100,0,0,0,1,0,0
980,100,0,0,0,1,0,0
981,100,0,0,0,1,0,0
982,100,0,0,0,1,0,0
983,100,0,0,0,1,0,0
984,100,0,0,(null),1,0,0
985,100,0,0,0,1,0,0
986,100,0,0,0,1,0,0
987,100,0,0,0,1,0,0
988,100,0,0,0,1,0,0
989,100,0,0,0,1,0,0
990,100,0,0,0,1,0,0
991,101,0,0,0,1,0,0
992,101,0,0,0,1,0,0
993,101,0,0,0,1,0,0
994,101,0,0,0,1,0,0
995,102,0,0,0,1,0,0
996,102,0,0,(null),1,0,0
997,102,0,0,0,1,0,0
998,102,0,0,0,1,0,0
999,103,0,0,0,1,0,0
1000,103,0,0,0,1,0,0
1001,103,0,0,0,1,0,0
1002,103,0,0,0,1,0,0
1003,103,0,0,0,1,0,0
1004,103,0,0,0,1,0,0
1005,104,0,0,0,1,0,0
1006,104,0,0,0,1,0,0
1007,104,0,0,0,1,0,0
1008,103,0,0,(null),1,0,0
1009,103,0,0,0,1,0,0
1010,103,0,0,0,1,0,0
1011,103,0,0,0,1,0,0
1012,103,0,0,0,1,0,0
1013,104,0,0,0,1,0,0
1014,104,0,0,0,1,0,0
1015,104,0,0,0,1,0,0
1016,104,0,0,0,1,0,0
1017,105,0,0,0,1,0,0
1018,105,0,0,0,1,0,0
1019,105,0,0,0,1,0,0
1020,105,0,0,(null),1,0,0
1021,105,0,0,0,1,0,0
1022,105,0,0,0,1,0,0
1023,105,0,0,0,1,0,0
1024,105,0,0,0,1,0,0
1025,106,0,0,0,1,0,0
1026,106,0,0,0,1,0,0
1027,105,0,0,0,1,0,0
1028,105,0,0,0,1,0,0
1029,101,0,0,0,1,0,0
1030,101,0,0,0,1,0,0
1031,101,0,0,0,1,0,0
1032,101,0,0,(null),1,0,0
1033,101,0,0,0,1,0,0
1034,102,0,0,0,1,0,0
1035,103,0,0,0,1,0,0
1036,103,0,0,0,1,0,0
1037,104,0,0,0,1,0,0
1038,106,0,0,0,1,0,0
1039,106,0,0,0,1,0,0
1040,106,0,0,0,1,0,0
1041,106,0,0,0,1,0,0
1042,106,0,0,0,1,0,0
1043,105,0,0,0,1,0,0
1044,105,0,0,(null),1,0,0
1045,107,0,0,0,1,0,0
1046,107,0,0,0,1,0,0
1047,107,0,0,0,1,0,0
1048,107,0,0,0,1,0,0
1049,107,0,0,0,1,0,0
1050,107,0,0,0,1,0,0
1051,108,0,0,0,1,0,0
1052,108,0,0,0,1,0,0
1053,108,0,0,0,1,0,0
1054,108,0,0,0,1,0,0
1055,108,0,0,0,1,0,0
1056,108,0,0,(null),1,0,0
1057,104,0,0,0,1,0,0
1058,103,0,0,0,1,0,0
1059,103,0,0,0,1,0,0
1060,103,0,0,0,1,0,0
1061,105,0,0,0,1,0,0
1062,106,0,0,0,1,0,0
1063,106,0,0,0,1,0,0
1064,106,0,0,0,1,0,0
1065,105,0,0,0,1,0,0
1066,105,0,0,0,1,0,0
1067,104,0,0,0,1,0,0
1068,104,0,0,(null),1,0,0
1069,102,0,0,0,1,0,0
1070,102,0,0,0,1,0,0
1071,102,0,0,0,1,0,0
1072,102,0,0,0,1,0,0
1073,102,0,0,0,1,0,0
1074,103,0,0,0,1,0,0
1075,103,0,0,0,1,0,0
1076,103,0,0,0,1,0,0
1077,104,0,0,0,1,0,0
1078,104,0,0,0,1,0,0
1079,104,0,0,0,1,0,0
1080,104,0,0,(null),1,0,0
1081,105,0,0,0,1,0,0
1082,105,0,0,0,1,0,0
1083,105,0,0,0,1,0,0
1084,105,0,0,0,1,0,0
1085,105,0,0,0,1,0,0
1086,105,0,0,0,1,0,0
1087,105,0,0,0,1,0,0
1088,105,0,0,0,1,0,0
1089,106,0,0,0,1,0,0
1090,105,0,0,0,1,0,0
1091,102,0,0,0,1,0,0
1092,102,0,0,(null),1,0,0
1093,104,0,0,0,1,0,0
1094,104,0,0,0,1,0,0
1095,105,0,0,0,1,0,0
1096,105,0,0,0,1,0,0
1097,105,0,0,0,1,0,0
1098,105,0,0,0,1,0,0
1099,105,0,0,0,1,0,0
1100,105,0,0,0,1,0,0
1101,105,0,0,0,1,0,0
1102,105,0,0,0,1,0,0
1103,106,0,0,0,1,0,0
1104,106,0,0,(null),1,0,0
1105,105,0,0,0,1,0,0
1106,104,0,0,0,1,0,0
1107,104,0,0,0,1,0,0
1108,104,0,0,0,1,0,0
1109,102,0,0,0,1,0,0
1110,102,0,0,0,1,0,0
1111,101,0,0,0,1,0,0
1112,101,0,0,0,1,0,0
1113,99,0,0,0,1,0,0
1114,99,0,0,0,1,0,0
1115,100,0,0,0,1,0,0
1116,100,0,0,(null),1,0,0
1117,97,0,0,0,1,0,0
1118,96,0,0,0,1,0,0
1119,96,0,0,0,1,0,0
1120,96,0,0,0,1,0,0
1121,96,0,0,0,1,0,0
1122,96,0,0,0,1,0,0
1123,97,0,0,0,1,0,0
1124,97,0,0,0,1,0,0
1125,101,0,0,0,1,0,0
1126,101,0,0,0,1,0,0
1127,102,0,0,0,1,0,0
1128,102,0,0,(null),1,0,0
1129,102,0,0,0,1,0,0
1130,102,0,0,0,1,0,0
1131,103,0,0,0,1,0,0
1132,103,0,0,0,1,0,0
1133,103,0,0,0,1,0,0
1134,103,0,0,0,1,0,0
1135,103,0,0,0,1,0,0
1136,103,0,0,0,1,0,0
1137,103,0,0,0,1,0,0
1138,103,0,0,0,1,0,0
1139,102,0,0,0,1,0,0
1140,102,0,0,(null),1,0,0
1141,103,0,0,0,1,0,0
1142,104,0,0,0,1,0,0
1143,104,0,0,0,1,0,0
1144,104,0,0,0,1,0,0
1145,105,0,0,0,1,0,0
1146,105,0,0,0,1,0,0
1147,106,0,0,0,1,0,0
1148,106,0,0,0,1,0,0
1149,106,0,0,0,1,0,0
1150,106,0,0,0,1,0,0
1151,106,0,0,0,1,0,0
1152,106,0,0,(null),1,0,0
1153,106,0,0,0,1,0,0
1154,106,0,0,0,1,0,0
1155,106,0,0,0,1,0,0
1156,106,0,0,0,1,0,0
1157,101,0,0,0,1,0,0
1158,101,0,0,0,1,0,0
1159,100,0,0,0,1,0,0
1160,100,0,0,0,1,0,0
1161,99,0,0,0,1,0,0
1162,97,0,0,0,1,0,0
1163,97,0,0,0,1,0,0
1164,97,0,0,(null),1,0,0
1165,97,0,0,0,1,0,0
1166,97,0,0,0,1,0,0
1167,98,0,0,0,1,0,0
1168,98,0,0,0,1,0,0
1169,98,0,0,0,1,0,0
1170,99,0,0,0,1,0,0
1171,99,0,0,0,1,0,0
1172,99,0,0,0,1,0,0
1173,99,0,0,0,1,0,0
1174,100,0,0,0,1,0,0
1175,102,0,0,0,1,0,0
1176,102,0,0,(null),1,0,0
1177,104,0,0,0,1,0,0
1178,104,0,0,0,1,0,0
1179,103,0,0,0,1,0,0
1180,103,0,0,0,1,0,0
1181,102,0,0,0,1,0,0
1182,101,0,0,0,1,0,0
1183,101,0,0,0,1,0,0
1184,100,0,0,0,1,0,0
1185,100,0,0,0,1,0,0
1186,100,0,0,0,1,0,0
1187,100,0,0,0,1,0,0
1188,100,0,0,(null),1,0,0
1189,100,0,0,0,1,0,0
1190,100,0,0,0,1,0,0
1191,100,0,0,0,1,0,0
1192,100,0,0,0,1,0,0
1193,100,0,0,0,1,0,0
1194,100,0,0,0,1,0,0
1195,100,0,0,0,1,0,0
1196,100,0,0,0,1,0,0
1197,99,0,0,0,1,0,0
1198,99,0,0,0,1,0,0
1199,99,0,0,0,1,0,0
1200,99,0,0,(null),1,0,0
1201,102,0,0,0,1,0,0
1202,102,0,0,0,1,0,0
1203,103,0,0,0,1,0,0
1204,104,0,0,0,1,0,0
1205,104,0,0,0,1,0,0
1206,106,0,0,0,1,0,0
1207,107,0,0,0,1,0,0
1208,107,0,0,0,1,0,0
1209,107,0,0,0,1,0,0
1210,108,0,0,0,1,0,0
1211,108,0,0,0,1,0,0
1212,108,0,0,(null),1,0,0
1213,108,0,0,0,1,0,0
1214,108,0,0,0,1,0,0
1215,108,0,0,0,1,0,0
1216,108,0,0,0,1,0,0
1217,107,0,0,0,1,0,0
1218,106,0,0,0,1,0,0
1219,104,0,0,0,1,0,0
1220,104,0,0,0,1,0,0
1221,102,0,0,0,1,0,0
1222,102,0,0,0,1,0,0
1223,102,0,0,0,1,0,0
1224,102,0,0,(null),1,0,0
1225,102,0,0,0,1,0,0
1226,102,0,0,0,1,0,0
1227,103,0,0,0,1,0,0
1228,103,0,0,0,1,0,0
1229,102,0,0,0,1,0,0
1230,102,0,0,0,1,0,0
1231,101,0,0,0,1,0,0
1232,101,0,0,0,1,0,0
1233,100,0,0,0,1,0,0
1234,100,0,0,0,1,0,0
1235,100,0,0,0,1,0,0
1236,100,0,0,(null),1,0,0
1237,100,0,0,0,1,0,0
1238,100,0,0,0,1,0,0
1239,101,0,0,0,1,0,0
1240,101,0,0,0,1,0,0
1241,102,0,0,0,1,0,0
1242,102,0,0,0,1,0,0
1243,102,0,0,0,1,0,0
1244,102,0,0,0,1,0,0
1245,103,0,0,0,1,0,0
1246,103,0,0,0,1,0,0
1247,103,0,0,0,1,0,0
1248,103,0,0,(null),1,0,0
1249,101,0,0,0,1,0,0
1250,101,0,0,0,1,0,0
1251,100,0,0,0,1,0,0
1252,100,0,0,0,1,0,0
1253,99,0,0,0,1,0,0
1254,99,0,0,0,1,0,0
1255,99,0,0,0,1,0,0
1256,99,0,0,0,1,0,0
1257,100,0,0,0,1,0,0
1258,101,0,0,0,1,0,0
1259,101,0,0,0,1,0,0
1260,101,0,0,(null),1,0,0
1261,102,0,0,0,1,0,0
1262,101,0,0,0,1,0,0
1263,100,0,0,0,1,0,0
1264,100,0,0,0,1,0,0
1265,97,0,0,0,1,0,0
1266,96,0,0,0,1,0,0
1267,96,0,0,0,1,0,0
1268,96,0,0,0,1,0,0
1269,96,0,0,0,1,0,0
1270,97,0,0,0,1,0,0
1271,102,0,0,0,1,0,0
1272,102,0,0,(null),1,0,0
1273,104,0,0,0,1,0,0
1274,105,0,0,0,1,0,0
1275,106,0,0,0,1,0,0
1276,106,0,0,0,1,0,0
1277,106,0,0,0,1,0,0
1278,105,0,0,0,1,0,0
1279,105,0,0,0,1,0,0
1280,105,0,0,0,1,0,0
1281,104,0,0,0,1,0,0
1282,104,0,0,0,1,0,0
1283,104,0,0,0,1,0,0
1284,104,0,0,(null),1,0,0
1285,104,0,0,0,1,0,0
1286,104,0,0,0,1,0,0
1287,104,0,0,0,1,0,0
1288,104,0,0,0,1,0,0
1289,103,0,0,0,1,0,0
1290,103,0,0,0,1,0,0
1291,103,0,0,0,1,0,0
1292,103,0,0,0,1,0,0
1293,103,0,0,0,1,0,0
1294,103,0,0,0,1,0,0
1295,104,0,0,0,1,0,0
1296,104,0,0,(null),1,0,0
1297,103,0,0,0,1,0,0
1298,103,0,0,0,1,0,0
1299,102,0,0,0,1,0,0
1300,102,0,0,0,1,0,0
1301,102,0,0,0,1,0,0
1302,102,0,0,0,1,0,0
1303,102,0,0,0,1,0,0
1304,102,0,0,0,1,0,0
1305,102,0,0,0,1,0,0
1306,103,0,0,0,1,0,0
1307,104,0,0,0,1,0,0
1308,104,0,0,(null),1,0,0
1309,105,0,0,0,1,0,0
1310,105,0,0,0,1,0,0
1311,105,0,0,0,1,0,0
1312,105,0,0,0,1,0,0
1313,105,0,0,0,1,0,0
1314,105,0,0,0,1,0,0
1315,105,0,0,0,1,0,0
1316,105,0,0,0,1,0,0
1317,105,0,0,0,1,0,0
1318,104,0,0,0,1,0,0
1319,104,0,0,0,1,0,0
1320,104,0,0,(null),1,0,0
1321,104,0,0,0,1,0,0
1322,104,0,0,0,1,0,0
1323,105,0,0,0,1,0,0
1324,105,0,0,0,1,0,0
1325,104,0,0,0,1,0,0
1326,105,0,0,0,1,0,0
1327,106,0,0,0,1,0,0
1328,106,0,0,0,1,0,0
1329,105,0,0,0,1,0,0
1330,105,0,0,0,1,0,0
1331,105,0,0,0,1,0,0
1332,105,0,0,(null),1,0,0
1333,105,0,0,0,1,0,0
1334,105,0,0,0,1,0,0
1335,105,0,0,0,1,0,0
1336,106,0,0,0,1,0,0
1337,104,0,0,0,1,0,0
1338,103,0,0,0,1,0,0
1339,103,0,0,0,1,0,0
1340,103,0,0,0,1,0,0
1341,102,0,0,0,1,0,0
1342,101,0,0,0,1,0,0
1343,101,0,0,0,1,0,0
1344,101,0,0,(null),1,0,0
1345,100,0,0,0,1,0,0
1346,100,0,0,0,1,0,0
1347,99,0,0,0,1,0,0
1348,99,0,0,0,1,0,0
1349,101,0,0,0,1,0,0
1350,101,0,0,0,1,0,0
1351,102,0,0,0,1,0,0
1352,102,0,0,0,1,0,0
1353,102,0,0,0,1,0,0
1354,102,0,0,0,1,0,0
1355,102,0,0,0,1,0,0
1356,102,0,0,(null),1,0,0
1357,101,0,0,0,1,0,0
1358,101,0,0,0,1,0,0
1359,101,0,0,0,1,0,0
1360,101,0,0,0,1,0,0
1361,102,0,0,0,1,0,0
1362,103,0,0,0,1,0,0
1363,104,0,0,0,1,0,0
1364,104,0,0,0,1,0,0
1365,105,0,0,0,1,0,0
1366,106,0,0,0,1,0,0
1367,107,0,0,0,1,0,0
1368,107,0,0,(null),1,0,0
1369,108,0,0,0,1,0,0
1370,108,0,0,0,1,0,0
1371,109,0,0,0,1,0,0
1372,109,0,0,0,1,0,0
1373,109,0,0,0,1,0,0
1374,108,0,0,0,1,0,0
1375,107,0,0,0,1,0,0
1376,107,0,0,0,1,0,0
1377,107,0,0,0,1,0,0
1378,107,0,0,0,1,0,0
1379,106,0,0,0,1,0,0
1380,106,0,0,(null),1,0,0
1381,106,0,0,0,1,0,0
1382,106,0,0,0,1,0,0
1383,107,0,0,0,1,0,0
1384,107,0,0,0,1,0,0
1385,107,0,0,0,1,0,0
1386,107,0,0,0,1,0,0
1387,107,0,0,0,1,0,0
1388,107,0,0,0,1,0,0
1389,105,0,0,0,1,0,0
1390,105,0,0,0,1,0,0
1391,102,0,0,0,1,0,0
1392,102,0,0,(null),1,0,0
1393,102,0,0,0,1,0,0
1394,102,0,0,0,1,0,0
1395,102,0,0,0,1,0,0
1396,102,0,0,0,1,0,0
1397,102,0,0,0,1,0,0
1398,102,0,0,0,1,0,0
1399,102,0,0,0,1,0,0
1400,102,0,0,0,1,0,0
1401,103,0,0,0,1,0,0
1402,103,0,0,0,1,0,0
1403,103,0,0,0,1,0,0
1404,103,0,0,(null),1,0,0
1405,104,0,0,0,1,0,0
1406,104,0,0,0,1,0,0
1407,104,0,0,0,1,0,0
1408,104,0,0,0,1,0,0
1409,104,0,0,0,1,0,0
1410,104,0,0,0,1,0,0
1411,104,0,0,0,1,0,0
1412,104,0,0,0,1,0,0
1413,99,0,0,0,1,0,0
1414,99,0,0,0,1,0,0
1415,100,0,0,0,1,0,0
1416,100,0,0,(null),1,0,0
1417,102,0,0,0,1,0,0
1418,102,0,0,0,1,0,0
1419,103,0,0,0,1,0,0
1420,103,0,0,0,1,0,0
1421,103,0,0,0,1,0,0
1422,103,0,0,0,1,0,0
1423,103,0,0,0,1,0,0
1424,103,0,0,0,1,0,0
1425,102,0,0,0,1,0,0
1426,101,0,0,0,1,0,0
1427,101,0,0,0,1,0,0
1428,101,0,0,(null),1,0,0
1429,99,0,0,0,1,0,0
1430,99,0,0,0,1,0,0
1431,99,0,0,0,1,0,0
1432,99,0,0,0,1,0,0
1433,99,0,0,0,1,0,0
1434,97,0,0,0,1,0,0
1435,96,0,0,0,1,0,0
1436,96,0,0,0,1,0,0
1437,96,0,0,0,1,0,0
1438,95,0,0,0,1,0,0
1439,96,0,0,0,1,0,0
1440,96,0,0,(null),1,0,0
1441,97,0,0,0,1,0,0
1442,97,0,0,0,1,0,0
1443,97,0,0,0,1,0,0
1444,97,0,0,0,1,0,0
1445,97,0,0,0,1,0,0
1446,96,0,0,0,1,0,0
1447,97,0,0,0,1,0,0
1448,97,0,0,0,1,0,0
1449,98,0,0,0,1,0,0
1450,98,0,0,0,1,0,0
1451,97,0,0,0,1,0,0
1452,97,0,0,(null),1,0,0
1453,97,0,0,0,1,0,0
1454,97,0,0,0,1,0,0
1455,97,0,0,0,1,0,0
1456,97,0,0,0,1,0,0
1457,97,0,0,0,1,0,0
1458,97,0,0,0,1,0,0
1459,98,0,0,0,1,0,0
1460,98,0,0,0,1,0,0
1461,100,0,0,0,1,0,0
1462,101,0,0,0,1,0,0
1463,101,0,0,0,1,0,0
1464,101,0,0,(null),1,0,0
1465,101,0,0,0,1,0,0
1466,103,0,0,0,1,0,0
1467,103,0,0,0,1,0,0
1468,103,0,0,0,1,0,0
1469,104,0,0,0,1,0,0
1470,104,0,0,0,1,0,0
1471,104,0,0,0,1,0,0
1472,104,0,0,0,1,0,0
1473,104,0,0,0,1,0,0
1474,106,0,0,0,1,0,0
1475,106,0,0,0,1,0,0
1476,106,0,0,(null),1,0,0
1477,103,0,0,0,1,0,0
1478,103,0,0,0,1,0,0
1479,102,0,0,0,1,0,0
1480,102,0,0,0,1,0,0
1481,102,0,0,0,1,0,0
1482,102,0,0,0,1,0,0
1483,102,0,0,0,1,0,0
1484,102,0,0,0,1,0,0
1485,102,0,0,0,1,0,0
1486,101,0,0,0,1,0,0
1487,101,0,0,0,1,0,0
1488,101,0,0,(null),1,0,0
1489,100,0,0,0,1,0,0
1490,100,0,0,0,1,0,0
1491,101,0,0,0,1,0,0
1492,101,0,0,0,1,0,0
1493,100,0,0,0,1,0,0
1494,100,0,0,0,1,0,0
1495,101,0,0,0,1,0,0
1496,101,0,0,0,1,0,0
1497,103,0,0,0,1,0,0
1498,103,0,0,0,1,0,0
1499,105,0,0,0,1,0,0
1500,105,0,0,(null),1,0,0
1501,105,0,0,0,1,0,0
1502,106,0,0,0,1,0,0
1503,106,0,0,0,1,0,0
1504,106,0,0,0,1,0,0
1505,107,0,0,0,1,0,0
1506,107,0,0,0,1,0,0
1507,107,0,0,0,1,0,0
1508,107,0,0,0,1,0,0
1509,107,0,0,0,1,0,0
1510,109,0,0,0,1,0,0
1511,109,0,0,0,1,0,0
1512,109,0,0,(null),1,0,0
1513,109,0,0,0,1,0,0
1514,109,0,0,0,1,0,0
1515,109,0,0,0,1,0,0
1516,109,0,0,0,1,0,0
1517,111,0,0,0,1,0,0
1518,111,0,0,0,1,0,0
1519,112,0,0,0,1,0,0
1520,112,0,0,0,1,0,0
1521,112,0,0,0,1,0,0
1522,112,0,0,0,1,0,0
1523,112,0,0,0,1,0,0
1524,112,0,0,(null),1,0,0
1525,114,0,0,0,1,0,0
1526,114,0,0,0,1,0,0
1527,114,0,0,0,1,0,0
1528,114,0,0,0,1,0,0
1529,114,0,0,0,1,0,0
1530,115,0,0,0,1,0,0
1531,115,0,0,0,1,0,0
1532,115,0,0,0,1,0,0
1533,114,0,0,0,1,0,0
1534,114,0,0,0,1,0,0
1535,114,0,0,0,1,0,0
1536,113,0,0,(null),1,0,0
1537,111,0,0,0,1,0,0
1538,108,0,0,0,1,0,0
1539,106,0,0,0,1,0,0
1540,106,0,0,0,1,0,0
1541,104,0,0,0,1,0,0
1542,104,0,0,0,1,0,0
1543,104,0,0,0,1,0,0
1544,104,0,0,0,1,0,0
1545,104,0,0,0,1,0,0
1546,105,0,0,0,1,0,0
1547,104,0,0,0,1,0,0
1548,104,0,0,(null),1,0,0
1549,104,0,0,0,1,0,0
1550,104,0,0,0,1,0,0
1551,104,0,0,0,1,0,0
1552,103,0,0,0,1,0,0
1553,103,0,0,0,1,0,0
1554,101,0,0,0,1,0,0
1555,101,0,0,0,1,0,0
1556,101,0,0,0,1,0,0
1557,105,0,0,0,1,0,0
1558,106,0,0,0,1,0,0
1559,107,0,0,0,1,0,0
1560,107,0,0,(null),1,0,0
1561,107,0,0,0,1,0,0
1562,106,0,0,0,1,0,0
1563,106,0,0,0,1,0,0
1564,106,0,0,0,1,0,0
1565,105,0,0,0,1,0,0
1566,104,0,0,0,1,0,0
1567,103,0,0,0,1,0,0
1568,103,0,0,0,1,0,0
1569,104,0,0,0,1,0,0
1570,104,0,0,0,1,0,0
1571,104,0,0,0,1,0,0
1572,104,0,0,(null),1,0,0
1573,104,0,0,0,1,0,0
1574,105,0,0,0,1,0,0
1575,105,0,0,0,1,0,0
1576,105,0,0,0,1,0,0
1577,105,0,0,0,1,0,0
1578,105,0,0,0,1,0,0
1579,104,0,0,0,1,0,0
1580,104,0,0,0,1,0,0
1581,104,0,0,0,1,0,0
1582,104,0,0,0,1,0,0
1583,104,0,0,0,1,0,0
1584,104,0,0,(null),1,0,0
1585,107,0,0,0,1,0,0
1586,107,0,0,0,1,0,0
1587,107,0,0,0,1,0,0
1588,107,0,0,0,1,0,0
1589,107,0,0,0,1,0,0
1590,107,0,0,0,1,0,0
1591,107,0,0,0,1,0,0
1592,107,0,0,0,1,0,0
1593,107,0,0,0,1,0,0
1594,107,0,0,0,1,0,0
1595,107,0,0,0,1,0,0
1596,106,0,0,(null),1,0,0
1597,105,0,0,0,1,0,0
1598,104,0,0,0,1,0,0
1599,102,0,0,0,1,0,0
1600,102,0,0,0,1,0,0
1601,103,0,0,0,1,0,0
1602,103,0,0,0,1,0,0
1603,103,0,0,0,1,0,0
1604,103,0,0,0,1,0,0
1605,103,0,0,0,1,0,0
1606,103,0,0,0,1,0,0
1607,103,0,0,0,1,0,0
1608,103,0,0,(null),1,0,0
1609,104,0,0,0,1,0,0
1610,104,0,0,0,1,0,0
1611,104,0,0,0,1,0,0
1612,104,0,0,0,1,0,0
1613,104,0,0,0,1,0,0
1614,104,0,0,0,1,0,0
1615,104,0,0,0,1,0,0
1616,105,0,0,0,1,0,0
1617,106,0,0,0,1,0,0
1618,106,0,0,0,1,0,0
1619,106,0,0,0,1,0,0
1620,106,0,0,(null),1,0,0
1621,106,0,0,0,1,0,0
1622,106,0,0,0,1,0,0
1623,106,0,0,0,1,0,0
1624,106,0,0,0,1,0,0
1625,107,0,0,0,1,0,0
1626,107,0,0,0,1,0,0
1627,107,0,0,0,1,0,0
1628,107,0,0,0,1,0,0
1629,108,0,0,0,1,0,0
1630,108,0,0,0,1,0,0
1631,108,0,0,0,1,0,0
1632,108,0,0,(null),1,0,0
1633,108,0,0,0,1,0,0
1634,108,0,0,0,1,0,0
1635,108,0,0,0,1,0,0
1636,108,0,0,0,1,0,0
1637,108,0,0,0,1,0,0
1638,106,0,0,0,1,0,0
1639,104,0,0,0,1,0,0
1640,104,0,0,0,1,0,0
1641,100,0,0,0,1,0,0
1642,99,0,0,0,1,0,0
1643,98,0,0,0,1,0,0
1644,98,0,0,(null),1,0,0
1645,98,0,0,0,1,0,0
1646,98,0,0,0,1,0,0
1647,98,0,0,0,1,0,0
1648,98,0,0,0,1,0,0
1649,98,0,0,0,1,0,0
1650,98,0,0,0,1,0,0
1651,97,0,0,0,1,0,0
1652,97,0,0,0,1,0,0
1653,95,0,0,0,1,0,0
1654,94,0,0,0,1,0,0
1655,94,0,0,0,1,0,0
1656,94,0,0,(null),1,0,0
1657,94,0,0,0,1,0,0
1658,94,0,0,0,1,0,0
1659,94,0,0,0,1,0,0
1660,94,0,0,0,1,0,0
1661,94,0,0,0,1,0,0
1662,94,0,0,0,1,0,0
1663,94,0,0,0,1,0,0
1664,94,0,0,0,1,0,0
1665,94,0,0,0,1,0,0
1666,94,0,0,0,1,0,0
1667,94,0,0,0,1,0,0
1668,94,0,0,(null),1,0,0
1669,94,0,0,0,1,0,0
1670,94,0,0,0,1,0,0
1671,94,0,0,0,1,0,0
1672,94,0,0,0,1,0,0
1673,94,0,0,0,1,0,0
1674,95,0,0,0,1,0,0
1675,95,0,0,0,1,0,0
1676,95,0,0,0,1,0,0
1677,96,0,0,0,1,0,0
1678,96,0,0,0,1,0,0
1679,95,0,0,0,1,0,0
1680,95,0,0,(null),1,0,0
1681,94,0,0,0,1,0,0
1682,94,0,0,0,1,0,0
1683,94,0,0,0,1,0,0
1684,94,0,0,0,1,0,0
1685,93,0,0,0,1,0,0
1686,93,0,0,0,1,0,0
1687,92,0,0,0,1,0,0
1688,92,0,0,0,1,0,0
1689,89,0,0,0,1,0,0
1690,89,0,0,0,1,0,0
1691,88,0,0,0,1,0,0
1692,88,0,0,(null),1,0,0
1693,87,0,0,0,1,0,0
1694,87,0,0,0,1,0,0
1695,86,0,0,0,1,0,0
1696,86,0,0,0,1,0,0
1697,84,0,0,0,1,0,0
1698,84,0,0,0,1,0,0
1699,84,0,0,0,1,0,0
1700,84,0,0,0,1,0,0
1701,84,0,0,0,1,0,0
1702,84,0,0,0,1,0,0
1703,87,0,0,0,1,0,0
1704,87,0,0,(null),1,0,0
1705,87,0,0,0,1,0,0
1706,91,0,0,0,1,0,0
1707,92,0,0,0,1,0,0
1708,92,0,0,0,1,0,0
1709,92,0,0,0,1,0,0
1710,93,0,0,0,1,0,0
1711,93,0,0,0,1,0,0
1712,93,0,0,0,1,0,0
1713,94,0,0,0,1,0,0
1714,96,0,0,0,1,0,0
1715,95,0,0,0,1,0,0
1716,95,0,0,(null),1,0,0
1717,91,0,0,0,1,0,0
1718,91,0,0,0,1,0,0
1719,91,0,0,0,1,0,0
1720,91,0,0,0,1,0,0
1721,91,0,0,0,1,0,0
1722,89,0,0,0,1,0,0
1723,88,0,0,0,1,0,0
1724,88,0,0,0,1,0,0
1725,88,0,0,0,1,0,0
1726,88,0,0,0,1,0,0
1727,87,0,0,0,1,0,0
1728,87,0,0,(null),1,0,0
1729,95,0,0,0,1,0,0
1730,94,0,0,0,1,0,0
1731,94,0,0,0,1,0,0
1732,94,0,0,0,1,0,0
1733,92,0,0,0,1,0,0
1734,91,0,0,0,1,0,0
1735,91,0,0,0,1,0,0
1736,91,0,0,0,1,0,0
1737,90,0,0,0,1,0,0
1738,90,0,0,0,1,0,0
1739,91,0,0,0,1,0,0
1740,91,0,0,(null),1,0,0
1741,92,0,0,0,1,0,0
1742,92,0,0,0,1,0,0
1743,92,0,0,0,1,0,0
1744,92,0,0,0,1,0,0
1745,95,0,0,0,1,0,0
1746,95,0,0,0,1,0,0
1747,95,0,0,0,1,0,0
1748,95,0,0,0,1,0,0
1749,95,0,0,0,1,0,0
1750,94,0,0,0,1,0,0
1751,92,0,0,0,1,0,0
1752,92,0,0,(null),1,0,0
1753,91,0,0,0,1,0,0
1754,91,0,0,0,1,0,0
1755,90,0,0,0,1,0,0
1756,90,0,0,0,1,0,0
1757,88,0,0,0,1,0,0
1758,88,0,0,0,1,0,0
1759,88,0,0,0,1,0,0
1760,88,0,0,0,1,0,0
1761,88,0,0,0,1,0,0
1762,88,0,0,0,1,0,0
1763,87,0,0,0,1,0,0
1764,87,0,0,(null),1,0,0
1765,87,0,0,0,1,0,0
1766,87,0,0,0,1,0,0
1767,89,0,0,0,1,0,0
1768,89,0,0,0,1,0,0
1769,89,0,0,0,1,0,0
1770,89,0,0,0,1,0,0
1771,89,0,0,0,1,0,0
1772,89,0,0,0,1,0,0
1773,90,0,0,0,1,0,0
1774,90,0,0,0,1,0,0
1775,91,0,0,0,1,0,0
1776,91,0,0,(null),1,0,0
1777,91,0,0,0,1,0,0
1778,91,0,0,0,1,0,0
1779,91,0,0,0,1,0,0
1780,91,0,0,0,1,0,0
1781,90,0,0,0,1,0,0
1782,90,0,0,0,1,0,0
1783,90,0,0,0,1,0,0
1784,90,0,0,0,1,0,0
1785,90,0,0,0,1,0,0
1786,89,0,0,0,1,0,0
1787,88,0,0,0,1,0,0
1788,88,0,0,(null),1,0,0
1789,88,0,0,0,1,0,0
1790,87,0,0,0,1,0,0
1791,86,0,0,0,1,0,0
1792,86,0,0,0,1,0,0
1793,86,0,0,0,1,0,0
1794,87,0,0,0,1,0,0
1795,87,0,0,0,1,0,0
1796,87,0,0,0,1,0,0
1797,87,0,0,0,1,0,0
1798,86,0,0,0,1,0,0
1799,85,0,0,0,1,0,0
1800,85,0,0,(null),1,0,0
1801,85,0,0,0,1,0,0
1802,85,0,0,0,1,0,0
1803,84,0,0,0,1,0,0
1804,84,0,0,0,1,0,0
1805,85,0,0,0,1,0,0
1806,92,0,0,0,1,0,0
1807,94,0,0,0,1,0,0
1808,94,0,0,0,1,0,0
1809,97,0,0,0,1,0,0
1810,97,0,0,0,1,0,0
1811,97,0,0,0,1,0,0
1812,97,0,0,(null),1,0,0
1813,97,0,0,0,1,0,0
1814,97,0,0,0,1,0,0
1815,98,0,0,0,1,0,0
1816,98,0,0,0,1,0,0
1817,101,0,0,0,1,0,0
1818,102,0,0,0,1,0,0
1819,102,0,0,0,1,0,0
1820,102,0,0,0,1,0,0
1821,102,0,0,0,1,0,0
1822,101,0,0,0,1,0,0
1823,100,0,0,0,1,0,0
1824,100,0,0,(null),1,0,0
1825,98,0,0,0,1,0,0
1826,98,0,0,0,1,0,0
1827,98,0,0,0,1,0,0
1828,98,0,0,0,1,0,0
1829,99,0,0,0,1,0,0
1830,100,0,0,0,1,0,0
1831,100,0,0,0,1,0,0
1832,100,0,0,0,1,0,0
1833,100,0,0,0,1,0,0
1834,101,0,0,0,1,0,0
1835,101,0,0,0,1,0,0
1836,101,0,0,(null),1,0,0
1837,102,0,0,0,1,0,0
1838,102,0,0,0,1,0,0
1839,103,0,0,0,1,0,0
1840,103,0,0,0,1,0,0
1841,104,0,0,0,1,0,0
1842,105,0,0,0,1,0,0
1843,105,0,0,0,1,0,0
1844,105,0,0,0,1,0,0
1845,106,0,0,0,1,0,0
1846,107,0,0,0,1,0,0
1847,107,0,0,0,1,0,0
1848,107,0,0,(null),1,0,0
1849,108,0,0,0,1,0,0
1850,109,0,0,0,1,0,0
1851,109,0,0,0,1,0,0
1852,109,0,0,0,1,0,0
1853,108,0,0,0,1,0,0
1854,108,0,0,0,1,0,0
1855,107,0,0,0,1,0,0
1856,107,0,0,0,1,0,0
1857,107,0,0,0,1,0,0
1858,107,0,0,0,1,0,0
1859,106,0,0,0,1,0,0
1860,106,0,0,(null),1,0,0
1861,104,0,0,0,1,0,0
1862,104,0,0,0,1,0,0
1863,104,0,0,0,1,0,0
1864,104,0,0,0,1,0,0
1865,104,0,0,0,1,0,0
1866,104,0,0,0,1,0,0
1867,103,0,0,0,1,0,0
1868,103,0,0,0,1,0,0
1869,101,0,0,0,1,0,0
1870,100,0,0,0,1,0,0
1871,100,0,0,0,1,0,0
1872,100,0,0,(null),1,0,0
1873,101,0,0,0,1,0,0
1874,102,0,0,0,1,0,0
1875,102,0,0,0,1,0,0
1876,102,0,0,0,1,0,0
1877,100,0,0,0,1,0,0
1878,99,0,0,0,1,0,0
1879,98,0,0,0,1,0,0
1880,98,0,0,0,1,0,0
1881,96,0,0,0,1,0,0
1882,97,0,0,0,1,0,0
1883,98,0,0,0,1,0,0
1884,98,0,0,(null),1,0,0
1885,98,0,0,0,1,0,0
1886,98,0,0,0,1,0,0
1887,98,0,0,0,1,0,0
1888,98,0,0,0,1,0,0
1889,98,0,0,0,1,0,0
1890,98,0,0,0,1,0,0
1891,98,0,0,0,1,0,0
1892,98,0,0,0,1,0,0
1893,105,0,0,0,1,0,0
1894,106,0,0,0,1,0,0
1895,106,0,0,0,1,0,0
1896,106,0,0,(null),1,0,0
1897,106,0,0,0,1,0,0
1898,106,0,0,0,1,0,0
1899,105,0,0,0,1,0,0
1900,105,0,0,0,1,0,0
1901,104,0,0,0,1,0,0
1902,103,0,0,0,1,0,0
1903,101,0,0,0,1,0,0
1904,101,0,0,0,1,0,0
1905,99,0,0,0,1,0,0
1906,98,0,0,0,1,0,0
1907,98,0,0,0,1,0,0
1908,98,0,0,(null),1,0,0
1909,99,0,0,0,1,0,0
1910,101,0,0,0,1,0,0
1911,100,0,0,0,1,0,0
1912,100,0,0,0,1,0,0
1913,98,0,0,0,1,0,0
1914,98,0,0,0,1,0,0
1915,99,0,0,0,1,0,0
1916,99,0,0,0,1,0,0
1917,99,0,0,0,1,0,0
1918,99,0,0,0,1,0,0
1919,99,0,0,0,1,0,0
1920,99,0,0,(null),1,0,0
1921,101,0,0,0,1,0,0
1922,100,0,0,0,1,0,0
1923,100,0,0,0,1,0,0
1924,100,0,0,0,1,0,0
1925,100,0,0,0,1,0,0
1926,100,0,0,0,1,0,0
1927,100,0,0,0,1,0,0
1928,100,0,0,0,1,0,0
1929,100,0,0,0,1,0,0
1930,101,0,0,0,1,0,0
1931,101,0,0,0,1,0,0
1932,101,0,0,(null),1,0,0
1933,103,0,0,0,1,0,0
1934,103,0,0,0,1,0,0
1935,103,0,0,0,1,0,0
1936,103,0,0,0,1,0,0
1937,102,0,0,0,1,0,0
1938,102,0,0,0,1,0,0
1939,102,0,0,0,1,0,0
1940,102,0,0,0,1,0,0
1941,102,0,0,0,1,0,0
1942,101,0,0,0,1,0,0
1943,101,0,0,0,1,0,0
1944,101,0,0,(null),1,0,0
1945,101,0,0,0,1,0,0
1946,101,0,0,0,1,0,0
1947,101,0,0,0,1,0,0
1948,101,0,0,0,1,0,0
1949,101,0,0,0,1,0,0
1950,101,0,0,0,1,0,0
1951,101,0,0,0,1,0,0
1952,101,0,0,0,1,0,0
1953,105,0,0,0,1,0,0
1954,105,0,0,0,1,0,0
1955,105,0,0,0,1,0,0
1956,105,0,0,(null),1,0,0
1957,102,0,0,0,1,0,0
1958,103,0,0,0,1,0,0
1959,105,0,0,0,1,0,0
1960,105,0,0,0,1,0,0
1961,105,0,0,0,1,0,0
1962,105,0,0,0,1,0,0
1963,105,0,0,0,1,0,0
1964,105,0,0,0,1,0,0
1965,105,0,0,0,1,0,0
1966,106,0,0,0,1,0,0
1967,106,0,0,0,1,0,0
1968,106,0,0,(null),1,0,0
1969,108,0,0,0,1,0,0
1970,109,0,0,0,1,0,0
1971,111,0,0,0,1,0,0
1972,111,0,0,0,1,0,0
1973,113,0,0,0,1,0,0
1974,113,0,0,0,1,0,0
1975,112,0,0,0,1,0,0
1976,112,0,0,0,1,0,0
1977,111,0,0,0,1,0,0
1978,111,0,0,0,1,0,0
1979,111,0,0,0,1,0,0
1980,111,0,0,(null),1,0,0
1981,111,0,0,0,1,0,0
1982,111,0,0,0,1,0,0
1983,111,0,0,0,1,0,0
1984,111,0,0,0,1,0,0
1985,111,0,0,0,1,0,0
1986,108,0,0,0,1,0,0
1987,108,0,0,0,1,0,0
1988,108,0,0,0,1,0,0
1989,108,0,0,0,1,0,0
1990,107,0,0,0,1,0,0
1991,106,0,0,0,1,0,0
1992,106,0,0,(null),1,0,0
1993,105,0,0,0,1,0,0
1994,104,0,0,0,1,0,0
1995,103,0,0,0,1,0,0
1996,103,0,0,0,1,0,0
1997,102,0,0,0,1,0,0
1998,101,0,0,0,1,0,0
1999,102,0,0,0,1,0,0
2000,102,0,0,0,1,0,0
2001,101,0,0,0,1,0,0
2002,99,0,0,0,1,0,0
2003,99,0,0,0,1,0,0
2004,99,0,0,(null),1,0,0
2005,99,0,0,0,1,0,0
2006,99,0,0,0,1,0,0
2007,98,0,0,0,1,0,0
2008,99,0,0,0,1,0,0
2009,99,0,0,0,1,0,0
2010,101,0,0,0,1,0,0
2011,103,0,0,0,1,0,0
2012,103,0,0,0,1,0,0
2013,104,0,0,0,1,0,0
2014,104,0,0,0,1,0,0
2015,103,0,0,0,1,0,0
2016,103,0,0,(null),1,0,0
2017,102,0,0,0,1,0,0
2018,103,0,0,0,1,0,0
2019,103,0,0,0,1,0,0
2020,103,0,0,0,1,0,0
2021,103,0,0,0,1,0,0
2022,103,0,0,0,1,0,0
2023,104,0,0,0,1,0,0
2024,104,0,0,0,1,0,0
2025,104,0,0,0,1,0,0
2026,104,0,0,0,1,0,0
2027,104,0,0,0,1,0,0
2028,104,0,0,(null),1,0,0
2029,104,0,0,0,1,0,0
2030,103,0,0,0,1,0,0
2031,102,0,0,0,1,0,0
2032,102,0,0,0,1,0,0
2033,102,0,0,0,1,0,0
2034,102,0,0,0,1,0,0
2035,102,0,0,0,1,0,0
2036,102,0,0,0,1,0,0
2037,104,0,0,0,1,0,0
2038,105,0,0,0,1,0,0
2039,106,0,0,0,1,0,0
2040,106,0,0,(null),1,0,0
2041,105,0,0,0,1,0,0
2042,105,0,0,0,1,0,0
2043,105,0,0,0,1,0,0
2044,105,0,0,0,1,0,0
2045,104,0,0,0,1,0,0
2046,104,0,0,0,1,0,0
2047,104,0,0,0,1,0,0
2048,104,0,0,0,1,0,0
2049,104,0,0,0,1,0,0
2050,104,0,0,0,1,0,0
2051,105,0,0,0,1,0,0
2052,107,0,0,(null),1,0,0
2053,107,0,0,0,1,0,0
2054,107,0,0,0,1,0,0
2055,106,0,0,0,1,0,0
2056,106,0,0,0,1,0,0
2057,108,0,0,0,1,0,0
2058,108,0,0,0,1,0,0
2059,108,0,0,0,1,0,0
2060,108,0,0,0,1,0,0
2061,107,0,0,0,1,0,0
2062,107,0,0,0,1,0,0
2063,106,0,0,0,1,0,0
2064,106,0,0,(null),1,0,0
2065,106,0,0,0,1,0,0
2066,106,0,0,0,1,0,0
2067,106,0,0,0,1,0,0
2068,106,0,0,0,1,0,0
2069,106,0,0,0,1,0,0
2070,105,0,0,0,1,0,0
2071,105,0,0,0,1,0,0
2072,105,0,0,0,1,0,0
2073,105,0,0,0,1,0,0
2074,105,0,0,0,1,0,0
2075,105,0,0,0,1,0,0
2076,106,0,0,(null),1,0,0
2077,106,0,0,0,1,0,0
2078,106,0,0,0,1,0,0
2079,108,0,0,0,1,0,0
2080,108,0,0,0,1,0,0
2081,107,0,0,0,1,0,0
2082,104,0,0,0,1,0,0
2083,104,0,0,0,1,0,0
2084,104,0,0,0,1,0,0
2085,104,0,0,0,1,0,0
2086,104,0,0,0,1,0,0
2087,103,0,0,0,1,0,0
2088,103,0,0,(null),1,0,0
2089,102,0,0,0,1,0,0
2090,103,0,0,0,1,0,0
2091,103,0,0,0,1,0,0
2092,103,0,0,0,1,0,0
2093,103,0,0,0,1,0,0
2094,103,0,0,0,1,0,0
2095,103,0,0,0,1,0,0
2096,103,0,0,0,1,0,0
2097,103,0,0,0,1,0,0
2098,103,0,0,0,1,0,0
2099,103,0,0,0,1,0,0
2100,103,0,0,(null),1,0,0
2101,104,0,0,0,1,0,0
2102,104,0,0,0,1,0,0
2103,103,0,0,0,1,0,0
2104,103,0,0,0,1,0,0
2105,103,0,0,0,1,0,0
2106,103,0,0,0,1,0,0
2107,103,0,0,0,1,0,0
2108,103,0,0,0,1,0,0
2109,103,0,0,0,1,0,0
2110,103,0,0,0,1,0,0
2111,104,0,0,0,1,0,0
2112,104,0,0,(null),1,0,0
2113,104,0,0,0,1,0,0
2114,104,0,0,0,1,0,0
2115,104,0,0,0,1,0,0
2116,104,0,0,0,1,0,0
2117,105,0,0,0,1,0,0
2118,105,0,0,0,1,0,0
2119,105,0,0,0,1,0,0
2120,105,0,0,0,1,0,0
2121,106,0,0,0,1,0,0
2122,106,0,0,0,1,0,0
2123,105,0,0,0,1,0,0
2124,105,0,0,(null),1,0,0
2125,106,0,0,0,1,0,0
2126,106,0,0,0,1,0,0
2127,106,0,0,0,1,0,0
2128,106,0,0,0,1,0,0
2129,107,0,0,0,1,0,0
2130,107,0,0,0,1,0,0
2131,107,0,0,0,1,0,0
2132,107,0,0,0,1,0,0
2133,107,0,0,0,1,0,0
2134,107,0,0,0,1,0,0
2135,107,0,0,0,1,0,0
2136,107,0,0,(null),1,0,0
2137,107,0,0,0,1,0,0
2138,107,0,0,0,1,0,0
2139,106,0,0,0,1,0,0
2140,106,0,0,0,1,0,0
2141,106,0,0,0,1,0,0
2142,106,0,0,0,1,0,0
2143,106,0,0,0,1,0,0
2144,106,0,0,0,1,0,0
2145,106,0,0,0,1,0,0
2146,106,0,0,0,1,0,0
2147,107,0,0,0,1,0,0
2148,107,0,0,(null),1,0,0
2149,107,0,0,0,1,0,0
2150,107,0,0,0,1,0,0
2151,106,0,0,0,1,0,0
2152,106,0,0,0,1,0,0
2153,106,0,0,0,1,0,0
2154,106,0,0,0,1,0,0
2155,105,0,0,0,1,0,0
2156,105,0,0,0,1,0,0
2157,106,0,0,0,1,0,0
2158,106,0,0,0,1,0,0
2159,106,0,0,0,1,0,0
2160,105,0,0,(null),1,0,0
2161,101,0,0,0,1,0,0
2162,100,0,0,0,1,0,0
2163,99,0,0,0,1,0,0
2164,99,0,0,0,1,0,0
2165,98,0,0,0,1,0,0
2166,98,0,0,0,1,0,0
2167,98,0,0,0,1,0,0
2168,98,0,0,0,1,0,0
2169,98,0,0,0,1,0,0
2170,97,0,0,0,1,0,0
2171,96,0,0,0,1,0,0
2172,96,0,0,(null),1,0,0
2173,95,0,0,0,1,0,0
2174,95,0,0,0,1,0,0
2175,96,0,0,0,1,0,0
2176,96,0,0,0,1,0,0
2177,100,0,0,0,1,0,0
2178,100,0,0,0,1,0,0
2179,100,0,0,0,1,0,0
2180,100,0,0,0,1,0,0
2181,100,0,0,0,1,0,0
2182,100,0,0,0,1,0,0
2183,100,0,0,0,1,0,0
2184,101,0,0,(null),1,0,0
2185,98,0,0,0,1,0,0
2186,98,0,0,0,1,0,0
2187,102,0,0,0,1,0,0
2188,102,0,0,0,1,0,0
2189,102,0,0,0,1,0,0
2190,104,0,0,0,1,0,0
2191,104,0,0,0,1,0,0
2192,104,0,0,0,1,0,0
2193,104,0,0,0,1,0,0
2194,104,0,0,0,1,0,0
2195,104,0,0,0,1,0,0
2196,104,0,0,(null),1,0,0
2197,103,0,0,0,1,0,0
2198,103,0,0,0,1,0,0
2199,106,0,0,0,1,0,0
2200,106,0,0,0,1,0,0
2201,107,0,0,0,1,0,0
2202,108,0,0,0,1,0,0
2203,108,0,0,0,1,0,0
2204,109,0,0,0,1,0,0
2205,109,0,0,0,1,0,0
2206,109,0,0,0,1,0,0
2207,110,0,0,0,1,0,0
2208,110,0,0,(null),1,0,0
2209,112,0,0,0,1,0,0
2210,112,0,0,0,1,0,0
2211,113,0,0,0,1,0,0
2212,113,0,0,0,1,0,0
2213,113,0,0,0,1,0,0
2214,112,0,0,0,1,0,0
2215,112,0,0,0,1,0,0
2216,112,0,0,0,1,0,0
2217,112,0,0,0,1,0,0
2218,112,0,0,0,1,0,0
2219,108,0,0,0,1,0,0
2220,108,0,0,(null),1,0,0
2221,107,0,0,0,1,0,0
2222,107,0,0,0,1,0,0
2223,106,0,0,0,1,0,0
2224,106,0,0,0,1,0,0
2225,106,0,0,0,1,0,0
2226,100,0,0,0,1,0,0
2227,99,0,0,0,1,0,0
2228,99,0,0,0,1,0,0
2229,99,0,0,0,1,0,0
2230,98,0,0,0,1,0,0
2231,98,0,0,0,1,0,0
2232,98,0,0,(null),1,0,0
2233,99,0,0,0,1,0,0
2234,99,0,0,0,1,0,0
2235,99,0,0,0,1,0,0
2236,99,0,0,0,1,0,0
2237,97,0,0,0,1,0,0
2238,97,0,0,0,1,0,0
2239,98,0,0,0,1,0,0
2240,98,0,0,0,1,0,0
2241,100,0,0,0,1,0,0
2242,101,0,0,0,1,0,0
2243,101,0,0,0,1,0,0
2244,101,0,0,(null),1,0,0
2245,101,0,0,0,1,0,0
2246,102,0,0,0,1,0,0
2247,102,0,0,0,1,0,0
2248,102,0,0,0,1,0,0
2249,100,0,0,0,1,0,0
2250,99,0,0,0,1,0,0
2251,99,0,0,0,1,0,0
2252,99,0,0,0,1,0,0
2253,99,0,0,0,1,0,0
2254,99,0,0,0,1,0,0
2255,99,0,0,0,1,0,0
2256,99,0,0,(null),1,0,0
2257,99,0,0,0,1,0,0
2258,99,0,0,0,1,0,0
2259,99,0,0,0,1,0,0
2260,99,0,0,0,1,0,0
2261,98,0,0,0,1,0,0
2262,98,0,0,0,1,0,0
2263,98,0,0,0,1,0,0
2264,98,0,0,0,1,0,0
2265,95,0,0,0,1,0,0
2266,95,0,0,0,1,0,0
2267,95,0,0,0,1,0,0
2268,95,0,0,(null),1,0,0
2269,92,0,0,0,1,0,0
2270,90,0,0,0,1,0,0
2271,90,0,0,0,1,0,0
2272,90,0,0,0,1,0,0
2273,89,0,0,0,1,0,0
2274,89,0,0,0,1,0,0
2275,89,0,0,0,1,0,0
2276,89,0,0,0,1,0,0
2277,88,0,0,0,1,0,0
2278,88,0,0,0,1,0,0
2279,88,0,0,0,1,0,0
2280,88,0,0,(null),1,0,0
2281,88,0,0,0,1,0,0
2282,88,0,0,0,1,0,0
2283,133,0,0,0,1,0,0
2284,133,0,0,0,1,0,0
2285,131,0,0,0,1,0,0
2286,132,0,0,0,1,0,0
2287,133,0,0,0,1,0,0
2288,133,0,0,0,1,0,0
2289,133,0,0,0,1,0,0
2290,134,0,0,0,1,0,0
2291,134,0,0,0,1,0,0
2292,134,0,0,(null),1,0,0
2293,134,0,0,0,1,0,0
2294,139,0,0,0,1,0,0
2295,139,0,0,0,1,0,0
2296,139,0,0,0,1,0,0
2297,139,0,0,0,1,0,0
2298,139,0,0,0,1,0,0
2299,139,0,0,0,1,0,0
2300,139,0,0,0,1,0,0
2301,141,0,0,0,1,0,0
2302,141,0,0,0,1,0,0
2303,140,0,0,0,1,0,0
2304,140,0,0,(null),1,0,0
2305,140,0,0,0,1,0,0
2306,139,0,0,0,1,0,0
2307,138,0,0,0,1,0,0
2308,138,0,0,0,1,0,0
2309,140,0,0,0,1,0,0
2310,140,0,0,0,1,0,0
2311,140,0,0,0,1,0,0
2312,140,0,0,0,1,0,0
2313,140,0,0,0,1,0,0
2314,142,0,0,0,1,0,0
2315,141,0,0,0,1,0,0
2316,141,0,0,(null),1,0,0
2317,141,0,0,0,1,0,0
2318,141,0,0,0,1,0,0
2319,141,0,0,0,1,0,0
2320,141,0,0,0,1,0,0
2321,142,0,0,0,1,0,0
2322,140,0,0,0,1,0,0
2323,139,0,0,0,1,0,0
2324,139,0,0,0,1,0,0
2325,138,0,0,0,1,0,0
2326,138,0,0,0,1,0,0
2327,137,0,0,0,1,0,0
2328,137,0,0,(null),1,0,0
2329,137,0,0,0,1,0,0
2330,137,0,0,0,1,0,0
2331,137,0,0,0,1,0,0
2332,137,0,0,0,1,0,0
2333,136,0,0,0,1,0,0
2334,132,0,0,0,1,0,0
2335,132,0,0,0,1,0,0
2336,130,0,0,0,1,0,0
2337,127,0,0,0,1,0,0
2338,126,0,0,0,1,0,0
2339,123,0,0,0,1,0,0
2340,123,0,0,(null),1,0,0
2341,114,0,0,0,1,0,0
2342,114,0,0,0,1,0,0
2343,113,0,0,0,1,0,0
2344,113,0,0,0,1,0,0
2345,108,0,0,0,1,0,0
2346,107,0,0,0,1,0,0
2347,106,0,0,0,1,0,0
2348,106,0,0,0,1,0,0
2349,106,0,0,0,1,0,0
2350,106,0,0,0,1,0,0
2351,106,0,0,0,1,0,0
2352,106,0,0,(null),1,0,0
2353,103,0,0,0,1,0,0
2354,101,0,0,0,1,0,0
2355,101,0,0,0,1,0,0
2356,100,0,0,0,1,0,0
2357,99,0,0,0,1,0,0
2358,99,0,0,0,1,0,0
2359,99,0,0,0,1,0,0
2360,99,0,0,0,1,0,0
2361,101,0,0,0,1,0,0
2362,102,0,0,0,1,0,0
2363,104,0,0,0,1,0,0
2364,104,0,0,(null),1,0,0
2365,106,0,0,0,1,0,0
2366,106,0,0,0,1,0,0
2367,107,0,0,0,1,0,0
2368,107,0,0,0,1,0,0
2369,107,0,0,0,1,0,0
2370,108,0,0,0,1,0,0
2371,109,0,0,0,1,0,0
2372,109,0,0,0,1,0,0
2373,110,0,0,0,1,0,0
2374,110,0,0,0,1,0,0
2375,110,0,0,0,1,0,0
2376,110,0,0,(null),1,0,0
2377,110,0,0,0,1,0,0
2378,112,0,0,0,1,0,0
2379,114,0,0,0,1,0,0
2380,114,0,0,0,1,0,0
2381,114,0,0,0,1,0,0
2382,114,0,0,0,1,0,0
2383,114,0,0,0,1,0,0
2384,114,0,0,0,1,0,0
2385,114,0,0,0,1,0,0
2386,114,0,0,0,1,0,0
2387,113,0,0,0,1,0,0
2388,113,0,0,(null),1,0,0
2389,113,0,0,0,1,0,0
2390,114,0,0,0,1,0,0
2391,115,0,0,0,1,0,0
2392,115,0,0,0,1,0,0
2393,116,0,0,0,1,0,0
2394,116,0,0,0,1,0,0
2395,116,0,0,0,1,0,0
2396,116,0,0,0,1,0,0
2397,113,0,0,0,1,0,0
2398,113,0,0,0,1,0,0
2399,113,0,0,0,1,0,0
2400,113,0,0,(null),1,0,0
2401,107,0,0,0,1,0,0
2402,106,0,0,0,1,0,0
2403,105,0,0,0,1,0,0
2404,105,0,0,0,1,0,0
2405,105,0,0,0,1,0,0
2406,104,0,0,0,1,0,0
2407,103,0,0,0,1,0,0
2408,103,0,0,0,1,0,0
2409,103,0,0,0,1,0,0
2410,103,0,0,0,1,0,0
2411,101,0,0,0,1,0,0
2412,101,0,0,(null),1,0,0
2413,95,0,0,0,1,0,0
2414,95,0,0,0,1,0,0
2415,95,0,0,0,1,0,0
2416,95,0,0,0,1,0,0
2417,95,0,0,0,1,0,0
2418,92,0,0,0,1,0,0
2419,91,0,0,0,1,0,0
2420,91,0,0,0,1,0,0
2421,91,0,0,0,1,0,0
2422,91,0,0,0,1,0,0
2423,91,0,0,0,1,0,0
2424,87,0,0,(null),1,0,0
2425,78,0,0,0,1,0,0
2426,73,0,0,0,1,0,0
2427,73,0,0,0,1,0,0
2428,69,0,0,0,1,0,0
